2024/10/30 17:26:24,0
2024/10/30 18:33:25,2
2024/10/31 21:19:36,152
2024/11/01 23:39:28,200
2024/11/02 18:47:28,203
2024/11/09 12:00:50,261
2024/11/19 12:30:00,467
2024/11/29 22:28:28,669
2024/11/29 22:30:22,671
2024/12/04 07:17:22,866
2024/12/06 22:11:13,912
2024/12/06 22:33:55,917
2024/12/06 22:38:41,919
2024/12/06 22:46:58,920
2024/12/07 09:15:43,936
2024/12/07 09:17:17,938
2024/12/07 09:27:15,940
2024/12/08 13:39:59,961
2024/12/08 13:49:57,964
2024/12/08 13:59:57,965
2024/12/08 18:07:05,966
2024/12/08 18:07:37,967
2024/12/08 18:08:35,968
2024/12/08 18:16:03,972
2024/12/08 18:18:47,973
2024/12/08 18:23:56,975
2024/12/08 18:27:26,979
2024/12/08 18:28:52,980
2024/12/08 18:35:04,981
2024/12/08 18:56:49,990
2024/12/08 19:01:28,992
2024/12/08 19:05:38,993
2024/12/08 19:18:06,996
2024/12/08 21:05:47,999
2024/12/08 21:46:51,1003
2024/12/09 00:09:12,1014
2024/12/09 00:46:07,1016
2024/12/12 23:06:20,1092
2024/12/12 23:16:16,1093
2024/12/12 23:26:16,1094
2024/12/12 23:36:20,1097
2024/12/12 23:44:23,1098
2024/12/12 23:56:20,1099
2024/12/13 14:05:57,1116
2024/12/13 14:08:00,1118
2024/12/15 23:06:43,1154
2024/12/15 23:16:40,1155
2024/12/15 23:36:40,1156
2024/12/22 16:00:44,1835
2025/02/20 23:40:39,1850
