2025/04/19 15:14:43,11
2025/04/21 21:40:58,140
2025/05/07 15:35:16,626
2025/05/10 16:40:32,753
2025/05/25 11:02:59,1148
2025/05/25 11:12:56,1149
2025/05/25 13:42:56,1150
2025/05/25 15:12:56,1151
2025/05/25 15:22:56,1152
2025/05/25 16:02:57,1153
2025/05/25 18:12:57,1154
2025/06/06 06:51:10,1510
2025/08/20 10:16:58,2560
2025/09/08 23:26:13,3090
2025/10/03 20:24:36,4154
2025/10/17 07:26:00,4580
2025/10/17 07:35:58,4581
2025/10/27 22:31:19,4938
2025/11/07 06:38:52,5237
2025/11/07 06:48:50,5239
2025/11/07 06:58:50,5240
2025/11/09 21:25:04,5341
2025/11/09 21:35:04,5343
2025/11/09 22:14:58,5344
2025/11/11 20:12:11,5374
2025/11/11 20:17:30,5377
2025/11/11 20:27:27,5380
2025/11/23 09:57:07,5851
2025/11/23 11:22:23,5859
2025/11/23 11:31:27,5860
2025/11/23 11:35:52,5861
2025/11/23 12:02:07,5862
2025/11/23 12:20:00,5863
2025/11/23 14:02:14,5864
2025/11/23 14:16:35,5865
2025/11/23 15:24:24,5866
2025/11/23 16:11:15,5867
2025/11/23 16:21:37,5869
2025/11/23 17:05:46,5870
2025/11/23 17:28:10,5873
2025/11/23 19:48:20,5876
2025/11/23 20:31:32,5880
2025/11/23 21:37:01,5881
2025/11/23 22:38:30,5887
2025/11/23 22:48:28,5891
