2025/04/19 15:14:43,367
2025/04/21 21:40:58,410
2025/05/07 15:35:16,717
2025/05/10 16:40:32,754
2025/05/25 11:02:59,975
2025/05/25 11:22:56,978
2025/05/25 12:32:56,979
2025/05/25 14:02:56,980
2025/05/25 16:32:57,981
2025/05/25 17:12:57,982
2025/06/06 06:51:10,1179
2025/08/20 10:16:58,1726
2025/09/08 23:26:13,2096
2025/10/03 20:24:36,2631
2025/10/17 07:26:00,2847
2025/10/27 22:31:19,3047
2025/11/07 06:38:52,3184
2025/11/07 06:48:50,3185
2025/11/09 21:25:04,3217
2025/11/09 21:39:14,3218
2025/11/11 20:12:11,3233
2025/11/11 20:17:30,3235
2025/11/23 09:57:07,3503
2025/11/23 11:22:23,3507
2025/11/23 11:31:27,3509
2025/11/23 11:49:18,3510
2025/11/23 12:32:30,3511
2025/11/23 13:01:48,3512
2025/11/23 13:19:31,3513
2025/11/23 14:02:14,3514
2025/11/23 14:44:05,3515
2025/11/23 15:07:31,3516
2025/11/23 16:04:24,3517
2025/11/23 16:21:37,3518
2025/11/23 17:05:46,3519
2025/11/23 17:28:10,3520
2025/11/23 19:48:20,3521
2025/11/23 20:31:32,3522
2025/11/23 21:37:01,3523
2025/11/23 21:48:20,3524
2025/11/23 22:38:30,3527
2025/11/23 23:17:00,3530
2025/11/23 23:28:31,3531
