2025/04/21 21:40:58,20
2025/05/07 15:35:16,103
2025/05/10 16:40:32,116
2025/05/25 11:02:59,196
2025/05/25 11:52:56,197
2025/05/25 12:52:56,198
2025/05/25 13:52:56,199
2025/05/25 14:52:56,200
2025/05/25 15:52:57,201
2025/05/25 16:52:57,202
2025/05/25 17:52:57,203
2025/06/06 06:51:10,247
2025/08/20 10:16:58,368
2025/09/08 23:26:13,442
2025/10/03 20:24:36,575
2025/10/17 07:26:00,625
2025/10/27 22:31:19,674
2025/11/07 06:38:52,741
2025/11/09 21:25:04,756
2025/11/09 22:04:58,757
2025/11/11 20:27:27,764
2025/11/23 13:44:35,842
2025/11/23 15:24:24,844
2025/11/23 16:04:24,845
2025/11/23 22:48:28,850
