2023/08/11 10:01:51,341
2023/08/12 01:44:02,345
2023/08/18 17:54:26,374
2023/08/18 19:49:36,375
2023/08/25 15:06:33,404
2023/08/26 19:00:12,406
2023/09/24 17:44:30,426
2023/10/23 19:34:35,493
2024/01/08 11:29:31,676
2024/01/08 14:50:11,677
2024/01/10 17:06:11,701
2024/01/11 23:13:09,707
2024/01/12 16:43:55,709
2024/01/13 09:49:27,719
2024/02/22 10:20:17,790
2024/02/23 13:39:12,795
2024/03/03 07:29:33,806
2024/03/08 09:49:49,815
2024/03/12 17:25:21,820
2024/03/16 07:42:25,829
2024/03/19 20:24:50,835
2024/03/21 19:41:27,838
2024/03/22 03:57:45,840
2024/04/07 19:53:47,866
2024/04/14 16:03:51,878
2024/04/14 17:00:19,880
2024/04/23 03:59:41,894
2024/04/24 18:02:53,899
2024/05/05 07:17:53,925
2024/06/01 16:53:48,955
2024/07/22 20:34:44,998
2024/08/07 11:08:41,1018
2024/09/25 07:30:13,1063
2024/10/29 07:00:53,1113
2024/10/29 20:26:33,1114
2024/10/29 20:29:45,1115
2024/10/29 20:32:32,1116
2024/10/29 21:09:39,1122
2024/10/30 17:26:24,1123
2024/11/19 12:30:00,1145
2024/11/29 22:28:28,1158
2024/11/29 22:30:22,1159
2024/12/04 07:17:22,1165
2025/04/21 21:40:58,1177
2025/05/07 15:35:16,1197
2025/05/10 16:40:32,1202
2025/05/25 11:02:59,1229
2025/06/06 06:51:10,1247
2025/08/20 10:16:58,1281
2025/09/08 23:26:13,1313
2025/10/17 07:26:00,1386
2025/10/27 22:31:19,1405
2025/11/07 06:38:53,1423
2025/11/09 21:25:04,1428
2025/11/11 20:12:11,1433
2025/11/11 20:17:30,1434
2025/11/23 09:57:07,1455
