2023/08/11 10:01:51,4895
2023/08/12 01:44:02,4913
2023/08/18 17:54:26,5285
2023/08/18 19:49:36,5290
2023/08/25 15:06:33,5614
2023/08/26 19:00:12,5620
2023/09/24 17:44:30,5855
2023/10/23 19:34:35,6881
2024/01/08 11:29:31,10054
2024/01/08 14:50:11,10085
2024/01/08 15:00:06,10086
2024/01/08 15:08:11,10089
2024/01/10 17:06:11,10154
2024/01/11 23:13:09,10233
2024/01/12 16:43:55,10239
2024/01/12 16:53:50,10240
2024/01/12 17:03:50,10241
2024/01/13 09:49:27,10272
2024/02/22 10:20:17,11878
2024/02/23 13:39:12,11977
2024/02/23 13:49:05,11978
2024/02/23 14:19:05,11979
2024/03/03 07:29:33,12271
2024/03/03 07:33:11,12274
2024/03/08 09:49:49,12454
2024/03/12 17:25:21,12830
2024/03/16 07:42:25,13042
2024/03/19 20:24:50,13145
2024/03/21 19:41:27,13287
2024/03/22 03:57:45,13299
2024/03/22 03:59:58,13300
2024/04/07 19:53:47,14034
2024/04/14 16:03:51,14358
2024/04/14 17:00:19,14371
2024/04/14 17:10:15,14372
2024/04/23 03:59:41,14663
2024/04/24 18:02:53,14689
2024/04/24 18:06:02,14691
2024/05/05 07:17:53,15135
2024/05/05 07:20:10,15139
2024/05/05 07:23:18,15140
2024/05/05 07:33:12,15147
2024/05/05 10:53:14,15149
2024/06/01 16:53:48,15921
2024/07/22 20:34:44,16959
2024/08/07 11:08:41,17525
2024/09/25 07:30:13,18575
2024/10/29 07:00:53,20117
2024/10/29 20:26:33,20118
2024/10/29 20:29:45,20119
2024/10/29 21:09:39,20126
2024/10/30 17:26:24,20128
2024/11/19 12:30:00,21180
2024/11/29 22:28:28,21182
2024/12/04 07:17:22,21183
2025/04/21 21:40:58,21184
2025/05/07 15:35:16,21186
2025/05/25 11:02:59,21189
2025/06/06 06:51:10,21191
2025/08/20 10:16:58,21194
2025/09/08 23:26:13,21197
2025/10/17 07:26:00,21204
2025/10/27 22:31:19,21205
2025/11/07 06:38:53,21207
2025/11/11 20:12:11,21208
2025/11/23 09:57:07,21210
